"#","Player","Pos","Team","1","2","3","4","5","6","7","8","9","10","11","12","13","14","15","16","17","18","AVG","TTL"
"0","JJETAS-W-KIRK","WR","MIN","24.0","24.9","27.9","26.5","-","-","-","-","-","-","-","-","BYE","-","-","-","-","-","25.825","0"
"00","JAMARR-W-BURROW","WR","CIN","9.1","8.1","26.1","14.3","52.2","14.0","BYE","25.2","8.1","23.4","-","-","-","-","-","-","-","-","18.05","0"
"000","AMARI-W-WATSON","WR","CLE","6.7","16.0","24.6","-","-","-","-","-","24.9","15.8","-","-","-","-","-","-","-","-","17.6","0"
"0000", "MOORE-W-FIELDS","WR","CHI","4.5","16.4","13.1","27.1","49","-","-","-","-","-","22.6","22.4","BYE","26.8","9.2","4.8","30.9","","20.618","0"
"1","CeeDee Lamb","WR","DAL","11.7","25.3","10.2","14.8","8.9","18.7","BYE","41","28.1","39.5","16.5","17.3","32.6","19.1","18.6","25.2","40.2","","23","367.7"
"2","Tyreek Hill","WR","MIA","44.5","15","30.7","10.2","32.1","28.3","25.8","25.2","12.5","BYE","30.6","25.4","32.3","10.1","-","18.9","13.6","","23.7","355.2"
"3","Amon-Ra St. Brown","WR","DET","19.1","14.2","19.6","16.6","-","30.4","23.2","16.8","BYE","30.5","21.7","18.5","12.9","5.1","24.2","28.6","22.1","","20.2","303.5"
"4","A.J. Brown","WR","PHI","14.9","6.9","22.1","38.5","18.7","20.1","29.7","33","19.6","BYE","1.8","14.7","19.4","16.4","10.6","14","9.3","","18.1","289.7"
"5","Puka Nacua","WR","LAR","21.9","30.1","12.2","31.3","20.1","6.6","23.4","7.3","6.2","BYE","18.7","6.7","23.9","14","10.3","33","18.7","","17.8","284.4"
"6","Keenan Allen","WR","LAC","14.2","31.1","45.5","12.2","BYE","21.5","9.5","14.9","15.7","40.5","27.6","22.6","10.8","12.8","-","-","-","","21.5","278.9"
"7","Mike Evans","WR","TB","18.6","29.1","17","7","BYE","8.9","20.2","12.9","12.7","26.3","15.3","25","29.2","1.8","15.7","27.6","10","","17.3","277.3"
"8","DJ Moore","WR","CHI","4.5","16.4","13.1","27.1","49","10.1","13.4","9.5","5.4","10.9","22.6","22.4","BYE","26.8","9.2","4.8","30.9","","17.3","276.1"
"9","Stefon Diggs","WR","BUF","26.2","13.6","19.1","36","24.1","20","17.8","16","22.6","6.4","6.7","19.4","BYE","6.4","8.8","7.9","7.1","","16.1","258.1"
"10","Ja'Marr Chase","WR","CIN","9.1","8.1","26.1","14.3","52.2","14","BYE","25.2","8.1","23.4","9.2","12.1","31.6","5.9","10.4","-","7.1","","17.1","256.8"
"11","Davante Adams","WR","LV","12.6","20.4","42.2","15.5","8.5","4.9","12.7","2.1","7.4","14.6","21.2","12.3","BYE","12.3","24.1","1.4","37.6","","15.6","249.8"
"12","Brandon Aiyuk","WR","SF","32.9","7.3","-","20.8","9.8","11.6","10.7","15.9","BYE","14.5","26.6","13","15.6","16.6","6.7","17.3","24.4","","16.2","243.7"
"13","Michael Pittman Jr.","WR","IND","23.7","13.6","16.7","4.5","10.2","19.9","16.3","18","14.4","16.4","BYE","20.7","27.5","19.5","11.8","-","9.6","","16.2","242.8"
"14","Deebo Samuel","WR","SF","11.3","22.1","25.1","0.6","11.5","1.1","-","-","BYE","15.9","9.2","22.4","35.8","34","21.9","9.4","18.2","","17","238.5"
"15","Adam Thielen","WR","CAR","3.2","20.4","31.5","15.2","27.7","28.5","BYE","15.2","7.9","10.2","15.4","1.2","5.5","12.4","8.3","15.4","9.8","","14.2","227.8"
"16","DeVonta Smith","WR","PHI","17.7","23.1","6.8","14.8","1.6","9.4","8.9","22.9","14.1","BYE","15.9","23.6","24.6","10.3","10","17.9","6","","14.2","227.6"
"17","Amari Cooper","WR","CLE","6.7","16","24.6","2.6","BYE","14.8","4.2","14.9","24.9","15.8","7.4","3.6","6.4","12.7","20.9","51.5","-","","15.1","227"
"18","Nico Collins","WR","HOU","14","27.6","5.4","35.8","6.9","12","BYE","7","14.4","-","13.5","23.4","34.1","2.3","-","13.8","15.7","","16.1","225.9"
"19","DK Metcalf","WR","SEA","13.7","13.5","17.2","12.4","BYE","10.9","-","11.7","6","16.8","20.4","6.2","37.4","13.2","12.8","15.6","15.6","","14.9","223.4"
"20","Chris Olave","WR","NO","19.2","14.6","18.4","1.4","9.2","16.6","12.7","9.6","16.6","21.4","BYE","18.4","16.9","12.8","-","23.3","5.6","","14.4","216.7"
"21","Rashee Rice","WR","KC","11.6","4","10.9","6.2","13.3","11.2","17","9.6","9.7","BYE","8.2","24.7","14.4","18.2","24.1","11.7","17.7","","13.3","212.5"
"22","George Pickens","WR","PIT","8.6","22.7","11.5","5.5","26.6","BYE","15.7","9.2","1.9","7.5","7.7","8.8","12.6","6.9","7.7","35.5","20.1","","13","208.5"
"23","Garrett Wilson","WR","NYJ","14.4","16.3","9.8","15","8.4","17","BYE","17.6","13","18.3","0.9","17.4","8","20.1","5.9","15.8","9.9","","13","207.8"
"24","Calvin Ridley","WR","JAC","24.1","5.2","7","11.8","20.6","6.6","1.5","14.3","BYE","4","31.1","21.9","7.3","9.3","8.9","25.8","7.9","","13","207.3"
"25","Zay Flowers","WR","BAL","17.7","10.8","13","8","12.3","17.1","11.5","6.9","2.1","12.3","8","23.2","BYE","20","1.7","22.2","19.6","","12.9","206.4"
"26","DeAndre Hopkins","WR","TEN","13.5","8","7.8","10.3","22","3","BYE","34.8","10.5","5.7","15.9","7.9","18.9","25.4","4.1","4","14.2","","12.9","206"
"27","Jordan Addison","WR","MIN","16.1","16.2","11.2","0","18.4","11.8","31.3","21.4","10.2","10.9","7.4","9.9","BYE","4.7","29.1","1.2","5.8","","12.9","205.6"
"28","Jayden Reed","WR","GB","6.6","19.7","9.3","10.5","1.7","BYE","11.1","12.3","7","19.4","19.2","15","5.6","20.5","17.2","-","26.9","","13.5","202"
"29","Jaylen Waddle","WR","MIA","11.8","12.4","-","8.6","14.5","18.1","12.3","25.1","8.4","BYE","9.5","19.4","10.2","13.9","28.2","6.2","-","","14.2","198.6"
"30","Chris Godwin","WR","TB","10.1","10.8","8.2","19.4","BYE","13.7","12.6","17.8","3.6","9.4","9.9","7.5","7.9","10.3","25.5","13.9","17.1","","12.4","197.7"
"31","Jakobi Meyers","WR","LV","29.1","-","15.5","5.3","20.5","17.1","18","2.9","13.5","4.1","8.9","20.1","BYE","7.5","15.7","7.2","11.6","","13.1","197"
"32","Terry McLaurin","WR","WAS","5.1","16.4","10.1","16.6","8.9","14.1","15","17.3","12.3","7.3","9.3","9","0","BYE","26.1","8","16.1","","12","191.6"
"33","Courtland Sutton","WR","DEN","13.2","11.6","19.1","11.7","2.3","14.6","19.6","10.9","BYE","17.3","16.6","9.1","15.7","15.2","12.1","0","-","","12.6","189"
"34","Tyler Lockett","WR","SEA","3","25.9","8.4","9.4","BYE","15.4","7.8","22.1","6.2","23.2","10.1","6","9.7","14.9","5.1","16.1","2","","11.6","185.3"
"35","Romeo Doubs","WR","GB","18.6","5","18.3","18.5","1.4","BYE","11","11.8","6.6","12.1","16.3","6.7","11.2","7.2","6","17.9","5.8","","10.9","174.4"
"36","Drake London","WR","ATL","0","18.7","5.1","11.8","14.7","21.5","11.4","10.5","-","6.6","BYE","14.1","1.8","29.2","4.4","6.9","9.6","","11.1","166.3"
"37","Justin Jefferson","WR","MIN","24","24.9","27.9","26.5","5.8","-","-","-","-","-","-","-","BYE","4.7","15.4","26.1","10.9","","18.5","166.2"
"38","Tank Dell","WR","HOU","6.4","20.2","25.5","3.9","8.3","-","BYE","6.1","29.6","18.9","28.9","17.2","0","-","-","-","-","","15","165"
"39","Cooper Kupp","WR","LAR","-","-","-","-","19.8","27.8","6.9","6.1","6.8","BYE","2.1","4.8","15.9","25.5","25.1","10.9","12.7","","13.7","164.4"
"40","Gabe Davis","WR","BUF","5.2","21.2","10.3","15.1","22","3.1","1.6","23.7","0","9.6","0","22.5","BYE","0","0","23","4.1","","10.1","161.4"
"41","Brandin Cooks","WR","DAL","4.2","-","3.7","6.7","2.3","15","BYE","14.2","1.7","32.3","7.2","17.2","16.5","5.7","3","10.3","17","","10.5","157"
"42","Curtis Samuel","WR","WAS","11","6.2","7.4","18.2","18.5","14.2","6.5","6.2","-","2.6","1.5","19","10.5","BYE","21.1","3","6.3","","10.1","152.2"
"43","Christian Kirk","WR","JAC","1.9","22","15.4","16.4","14.4","13.9","19","8.6","BYE","14.4","7.8","12.9","3.6","-","-","-","-","","12.5","150.3"
"44","Josh Downs","WR","IND","6","7.7","13.7","5.4","15.7","13.1","23.5","14.2","2","6","BYE","9.3","4.4","6.2","4.9","9.9","7.3","","9.3","149.3"
"45","Jaxon Smith-Njigba","WR","SEA","4.3","8.4","2","3.5","BYE","8.8","16.3","12.6","12.3","9.3","7","6.1","13.2","6.5","14.8","12.1","8.2","","9.1","145.4"
"46","Tyler Boyd","WR","CIN","3","11.2","8.9","6.6","9.9","16.8","BYE","13.6","8.6","19.7","5.2","5.3","8.2","4.3","7.3","10.9","4.9","","9","144.4"
"47","Rashid Shaheed","WR","NO","19","10.3","6","6.3","4.8","18.3","7.2","24.3","5.2","7.4","BYE","2.9","-","0","6.6","18.4","3.4","","9.3","140.1"
"48","Tee Higgins","WR","CIN","0","28.9","4.1","3.9","-","4","BYE","11.9","19","-","-","-","6.6","9.2","22.1","25","2.9","","11.5","137.6"
"49","Marquise Brown","WR","ARI","8.7","17.4","17.1","16.6","16.1","7.4","7.9","15.3","6.4","3.8","3.2","14.8","0","BYE","0","-","-","","9.6","134.7"
"50","Darius Slayton","WR","NYG","4.5","9.2","6.2","4.3","5.5","10.9","3.2","0.9","9.9","5.1","18.2","3.6","BYE","3.4","10.3","18","20.6","","8.4","133.8"
"50","Diontae Johnson","WR","PIT","7.8","-","-","-","-","BYE","12.9","16.5","22","2.7","3.6","9","13.3","14.7","16.2","3.5","11.6","","11.2","133.8"
"52","Elijah Moore","WR","CLE","9.2","7.1","11.8","2","BYE","6.7","9.9","5","3.4","15.4","12","5.4","12.3","7.2","3.7","3.9","17.1","","8.3","132.1"
"53","Jerry Jeudy","WR","DEN","-","5.5","13.1","8.2","11","4.4","11.4","13","BYE","6.5","10.8","3.1","8.1","3.6","10.4","7.4","8.4","","8.3","124.9"
"54","Jahan Dotson","WR","WAS","9","5.2","4.1","12.7","6","0","9.3","24.8","16.9","0","11.3","10.2","4.3","BYE","2.2","5.1","0","","7.6","121.1"
"55","Wan'Dale Robinson","WR","NYG","-","-","6.1","9.7","6.9","14.2","3.2","1.7","13.5","2.6","6.7","6.6","BYE","17.5","6.5","4.6","19.9","","8.6","119.7"
"56","Josh Reynolds","WR","DET","12","23.6","-","9.9","17.6","8","6.3","0.3","BYE","3.5","2.1","9.5","2.2","13.4","6.1","2.6","2.3","","8","119.4"
"57","K.J. Osborn","WR","MIN","6.1","12.4","10.6","2.6","9.9","8.8","9.7","17.9","3.7","-","1.7","6.4","BYE","5.5","1.3","20.5","0","","7.8","117.1"
"58","DJ Chark Jr.","WR","CAR","-","2.5","18.6","4.8","13.2","5.6","BYE","4.3","8.9","-","0","6.4","8.6","4.6","2.8","27.8","2.8","","7.9","110.9"
"59","Tutu Atwell","WR","LAR","17.9","15.2","17.2","7.4","8.9","4","10.1","6.9","5.3","BYE","2.7","10.6","1.9","0","-","0","0","","7.2","108.1"
"60","Odell Beckham Jr.","WR","BAL","5.7","5.9","-","-","3.3","5.4","9.9","0","14.6","11","15.6","6.4","BYE","19.7","2.4","3.3","4.3","","7.7","107.5"
"61","Demario Douglas","WR","NE","8","1.9","3","6.5","3.4","-","11.4","7.9","10.5","14.4","BYE","10.9","-","-","6.3","12.4","7.3","","8","103.9"
"62","Noah Brown","WR","HOU","4.9","-","-","-","-","5.7","BYE","8.7","27.3","24.2","-","-","0","0","22.2","6.8","1.8","","10.2","101.6"
"63","Christian Watson","WR","GB","-","-","-","10.5","11.6","BYE","5.7","6.3","4.7","4.3","10.2","20.4","27.6","-","-","-","-","","11.3","101.3"
"64","Kendrick Bourne","WR","NE","24.4","6.9","8.6","5.6","6.3","19.3","16.3","12.6","-","-","BYE","-","-","-","-","-","-","","12.5","100"
"65","Michael Wilson","WR","ARI","3.9","8.6","10.6","26.6","2.8","9.2","5.6","9.8","-","6.4","-","-","-","BYE","0","0","15.5","","8.3","99"
"66","Rondale Moore","WR","ARI","7.5","2.4","16.2","0","10.6","6.6","4.6","4.1","1.8","9.3","12.4","5.5","1.6","BYE","2.8","5.6","6.4","","6.1","97.4"
"67","Khalil Shakir","WR","BUF","-","8.1","1.5","0","2.1","2.3","7.5","15.2","9.7","3.4","20.5","7.7","BYE","2.2","0","7.5","8.9","","6.4","96.6"
"68","Joshua Palmer","WR","LAC","1.4","4.3","14.6","10.7","BYE","10","18.3","5.4","-","-","0","-","-","-","21.3","9.7","-","","9.6","95.7"
"69","Dontayvion Wicks","WR","GB","0","12","8.5","0","2","BYE","3.4","4.8","6.9","8.1","12.1","-","7.3","4","15.7","10.9","-","","6.8","95.7"
"70","Alec Pierce","WR","IND","1.5","4.8","7.3","4.8","2","5.5","8.3","7.1","0","3.1","BYE","6.7","19","4.2","2.3","6","12.8","","6","95.4"
"71","Trey Palmer","WR","TB","8.8","3","1.8","8.6","BYE","6.7","1.5","5.2","8.1","4.1","6.8","5.7","4.5","1.8","1.5","8.2","16.4","","5.8","92.7"
"72","Kalif Raymond","WR","DET","3","13.7","9.5","4.8","7.5","5.6","4","4.2","BYE","6.6","1.5","14.6","0.9","4.5","2.2","5.7","2.1","","5.7","90.4"
"73","Michael Thomas","WR","NO","11.1","12.5","11","9.3","10.5","9.5","13.2","10.8","0","1.9","BYE","-","-","-","-","-","-","","9","89.8"
"74","Quentin Johnston","WR","LAC","2.9","1.7","3","2.8","BYE","0","3","10","3.6","13.4","4.1","1.7","10.2","12.1","10.3","5","5.9","","5.6","89.7"
"75","Robert Woods","WR","HOU","11.7","13.4","6.4","5.6","6","7.6","BYE","-","-","2.5","9.4","6","0","0.8","6","4.1","9.8","","6.4","89.3"
"76","Justin Watson","WR","KC","6.5","7.2","7.1","1.5","7.6","0","-","6.2","3.5","BYE","16.3","7.3","0","2.8","4.1","13.8","5.1","","5.9","89"
"77","Nelson Agholor","WR","BAL","0","17.3","7.9","1.4","10.4","6","8.2","0","1.2","0","10.7","3.1","BYE","8.2","0","10","3.8","","5.5","88.2"
"78","Michael Gallup","WR","DAL","2","1.3","15.2","11","3.5","5.4","BYE","4","3.9","15","6.1","2.3","0","13.8","1.9","2.4","0","","5.5","87.8"
"79","Demarcus Robinson","WR","LAR","-","-","-","-","-","-","-","-","2.5","BYE","4.4","3.3","15.5","13.6","14.7","20.2","13.2","","10.9","87.4"
"80","Nick Westbrook-Ikhine","WR","TEN","9.8","11.5","-","16.1","1.9","5.5","BYE","10.3","3.3","1.9","1.7","8.1","3.8","6.8","4.3","-","-","","6.5","85"
"81","Jonathan Mingo","WR","CAR","3.7","5.6","5.1","-","9.8","4.1","BYE","10.2","1.5","5","1.6","10","12.9","4.2","7.2","1.9","2","","5.7","84.8"
"82","Jameson Williams","WR","DET","-","-","-","-","2.2","13.3","0","3.6","BYE","3.8","12.4","7.1","10","0.4","8.7","9.3","9.5","","6.7","80.3"
"83","Darnell Mooney","WR","CHI","15.3","-","0","9.1","0","6.8","7.4","5.4","13.2","3.4","3.4","2.6","BYE","6.4","3.4","2.5","-","","5.6","78.9"
"84","Rashod Bateman","WR","BAL","6.5","4.8","1.6","-","1.8","3.5","5.6","7.2","5.8","4.5","8","4.1","BYE","4.4","6.9","2.4","9.4","","5.1","76.5"
"85","DeVante Parker","WR","NE","-","11.7","3.9","5.3","4","1.7","1.8","2.4","-","-","BYE","7.2","10.4","-","9.4","10.5","2.5","","5.9","70.8"
"86","Marvin Mims Jr.","WR","DEN","2.9","20.3","16.6","6.7","-0.6","0","-1.1","1","BYE","-0.3","3.2","5.5","2.3","3.1","1.1","7.3","-","","4.5","68"
"87","Zay Jones","WR","JAC","16.5","0","-","-","11.3","-","-","-","BYE","-","6","2","12.8","7.9","10.9","-","-","","8.4","67.4"
"88","Cedrick Wilson Jr.","WR","MIA","-","-","-","2.6","9.2","0","6.8","7.1","10.1","BYE","5.3","0","0","5","2.2","7.2","10.7","","5.1","66.2"
"89","Brandon Powell","WR","MIN","0","-2","1.5","0","9.2","4.9","10.9","2.2","9.5","7.5","6.2","7.7","BYE","0","0","8.3","0","","4.1","65.9"
"90","Chris Moore","WR","TEN","0","5.9","6.1","5.4","0","1.6","BYE","0","3.9","4.1","9.7","7.2","2.2","3.2","6.9","1.9","4.2","","3.9","62.3"
"91","Allen Robinson II","WR","PIT","11.4","3.2","6.4","1.8","7.9","BYE","1.7","0","2","0","5","2.1","4.9","3.1","4.9","7.6","0","","3.9","62"
"92","Greg Dortch","WR","ARI","0","0","0","0","0","0","0","-","1.2","0","13.6","11.7","2.9","BYE","4","12.5","15.2","","4.1","61.1"
"93","JuJu Smith-Schuster","WR","NE","7.3","7.8","1.5","2.4","3.6","-","-","7.3","11.1","1.9","BYE","3","2.1","13","-","-","-","","5.5","61"
"94","Brandon Johnson","WR","DEN","5.1","20.6","3.2","7.4","1.9","0","0","-","BYE","-","-","-","0","0","0","15.7","6.7","","5.1","60.6"
"95","Allen Lazard","WR","NYJ","6.6","4.3","6.9","15.1","6.3","1.8","BYE","7.5","3.8","2.7","0","-","0","0","5.1","0","-","","4.3","60.1"
"96","KaVontae Turpin","WR","DAL","10.5","2.5","0","6.1","9.6","0","BYE","2.3","7.5","-","4.3","10.4","2","2.2","0","1.8","0","","3.9","59.2"
"97","Jalin Hyatt","WR","NYG","0","10.9","-","3","0","5.1","9.5","0","3.9","0","1.7","15.9","BYE","3.3","0","0","5.5","","3.9","58.8"
"98","Tre Tucker","WR","LV","-","3.4","-","-","1.6","8.1","3.8","0","7.6","0.9","5","0","BYE","0","20.7","1.1","5.6","","4.4","57.8"
"99","Xavier Gipson","WR","NYJ","6","0","0","2.7","-2","1.8","BYE","0.3","5.2","3.4","-0.3","3.5","12.8","8.2","4.9","2.7","8.1","","3.6","57.3"
"100","Trenton Irwin","WR","CIN","0","-","-","2.7","14","0","BYE","4.4","0","13.4","6.6","3.5","3.5","0","0","7.7","1.4","","4.1","57.2"
"101","Marquez Valdes-Scantling","WR","KC","6.8","3.3","4.7","1.6","2.2","0","17.4","2.7","4.2","BYE","0","0.9","4.5","4.2","2.7","0","1.3","","3.5","56.5"
"102","Braxton Berrios","WR","MIA","7.2","4.8","5.3","17.4","3.3","4","1.7","2.8","0","BYE","-","0","0","3.3","2.2","0","3","","3.7","55"
"103","Jake Bobo","WR","SEA","-","1.3","7.5","0","BYE","6.3","16.1","10.6","0","3.3","1.8","1.6","1.9","0","1.4","1.8","1.4","","3.7","55"
"104","Skyy Moore","WR","KC","0.4","16","8.2","1.9","3.1","4.2","3.5","1.8","5.3","BYE","1.4","6.4","1.5","0","0","-","-","","3.8","53.7"
"105","Isaiah Hodgins","WR","NYG","1.4","14","0","5.4","3.9","0","3.3","0","0","0","4.2","8.2","BYE","10.2","0","0","2.8","","3.3","53.4"
"106","Kadarius Toney","WR","KC","1","8.8","0.9","4.2","7.7","9.4","2.3","1.1","2.8","BYE","4.6","-","0.6","7.1","2.5","-","-","","4.1","53"
"107","Calvin Austin III","WR","PIT","9.7","1.8","15.2","5.9","0","BYE","0.1","4.9","1","1.9","0","1.5","2","1.2","0","6.7","0","","3.2","51.9"
"108","Jauan Jennings","WR","SF","0","7.1","5.1","-","2.9","4.6","10.4","0","BYE","1.8","0","1.7","13.4","0","4.5","-","-","","4","51.5"
"109","Mike Williams","WR","LAC","8.5","16.6","25.1","-","BYE","-","-","-","-","-","-","-","-","-","-","-","-","","16.7","50.2"
"110","Jalen Tolbert","WR","DAL","0","4.8","-","9.3","0","-2","BYE","0","13.9","2.2","3.2","6.9","2.7","0","0","7.1","1.9","","3.3","50"
"111","Hunter Renfrow","WR","LV","-","3.3","3.7","3.2","1.7","0","3.4","3.9","5.2","1.5","9.2","7.8","BYE","5.6","0","0","0","","3.2","48.5"
"112","Lil'Jordan Humphrey","WR","DEN","9.1","1.4","-","2.1","0","0","0","0","BYE","2.4","0","2.3","2.2","2.2","10.6","0","14.9","","3.1","47.2"
"113","Mack Hollins","WR","ATL","6.1","9","3.3","0","4.9","7.1","0","4.7","6.6","-","BYE","-","-","1.4","-","0","0","","3.6","43.1"
"114","A.T. Perry","WR","NO","-","-","-","-","-","-","-","0","0","11.8","BYE","1.7","4","5.4","5.4","10.5","1.5","","4.5","40.3"
"114","Jamal Agnew","WR","JAC","-0.2","1.5","6.9","-","0.1","0","7.5","0","BYE","0","-","-","-","-","15","2.2","7.3","","3.7","40.3"
"114","Alex Erickson","WR","LAC","-","-","-","-","BYE","-","-","-","-","-","2.2","2.7","3.3","1.9","8.3","5.1","16.8","","5.8","40.3"
"117","Treylon Burks","WR","TEN","4.7","10.6","1.5","-","-","-","BYE","0","4.8","-","-","-","0","1.6","9.4","4.2","3.1","","4","39.9"
"118","Van Jefferson","WR","ATL","6.4","1.9","6","4.9","0","0","1.5","5.4","2.4","0","BYE","2.3","0","0","0","2.3","4.9","","2.4","38"
"119","KhaDarel Hodge","WR","ATL","0","-","2.5","3.9","2.1","0","2.9","10.5","9","0","BYE","0","0","2.8","2","1.5","0","","2.5","37.2"
"120","Parker Washington","WR","JAC","-","-","-","0","-","-","-","-","BYE","-","0","0","18.1","8.7","5.2","3.9","1.2","","4.6","37.1"
"121","Cedric Tillman","WR","CLE","0","-","-","1.5","BYE","-","-","-","1.3","0","2","9.5","4","4.3","9.2","3.3","1.8","","3.4","36.9"
"122","Dyami Brown","WR","WAS","0","5.5","0","7.1","2.1","0","0","0","5.3","12.1","1.7","0","1","BYE","0","0","0","","2.2","34.8"
"123","Olamide Zaccheaus","WR","PHI","-","-","13.8","2.1","0","1.5","0","1.5","1.8","BYE","0","9.9","0","3.8","0","0","0","","2.5","34.4"
"124","Jamison Crowder","WR","WAS","0","0","-","0","4.1","0","0","22.5","6.3","0","3.2","0","0","BYE","0","-2","0","","2.3","34.1"
"125","Deven Thompkins","WR","TB","3","1.1","2.6","15.6","BYE","2.3","2.4","0","0","2.1","1.7","0","2.1","0","-0.1","0","1","","2.1","33.8"
"126","Tyler Scott","WR","CHI","3.4","-","1.6","1.9","0","3.2","5.3","2.1","-0.5","4.1","-0.6","0","BYE","2.1","7.6","0","3.5","","2.2","33.7"
"127","Bo Melton","WR","GB","-","-","-","-","-","BYE","-","-","-","-","-","0","-","-","1.7","9.1","22.5","","8.3","33.3"
"128","Julio Jones","WR","PHI","-","-","-","-","-","-","1.3","7.8","0","BYE","2.5","1","0","0","1.6","1.5","17.4","","3.3","33.1"
"129","Deonte Harty","WR","BUF","4.3","2.4","3.3","3","8.2","7.3","2","0","0","0","-0.2","-","BYE","3.5","0","-2","0","","2.1","31.8"
"130","Terrace Marshall Jr.","WR","CAR","4.3","-","8.5","14.6","-","0","BYE","1.9","0","2.1","-","-","-","-","-","-","-","","4.5","31.4"
"131","Derius Davis","WR","LAC","1.5","1","1.3","8.7","BYE","0","3.4","2.4","7","2.7","0.7","1.1","0","0","-1.2","2.4","0.2","","2","31.2"
"132","Ihmir Smith-Marsette","WR","CAR","0","0","0","0","0","0","BYE","0","0","6","0","2.4","0","1","5.2","12.1","4.2","","1.9","30.9"
"133","John Metchie III","WR","HOU","-","2.7","3.3","3.2","4","0","BYE","0","2.4","4.5","2.2","1.6","1.9","1.6","1.1","0","2.2","","2","30.7"
"134","Scott Miller","WR","ATL","0","0","-","-","3","1.4","5.6","9.4","0","7.2","BYE","1.4","0","0","0","2.5","0","","2.2","30.5"
"135","Parris Campbell","WR","NYG","1.2","6.1","8.4","4.5","4.3","0","0","0","3.5","1.6","0","0.8","BYE","-","-","-","-","","2.5","30.4"
"136","Andrei Iosivas","WR","CIN","0","-","-","0","1.9","7.3","BYE","7.2","1.9","0","-","2.6","0","0","1.5","7.6","0","","2.3","30"
"137","Malik Heath","WR","GB","0","0","0","-","-","BYE","-","-","0","0","1.7","8.6","2.5","7.6","5.9","1","2.3","","2.5","29.6"
"138","Byron Pringle","WR","WAS","-","1.4","-","2.5","2","0","2.6","0","8.5","1.7","3.2","4.7","0","BYE","1.5","0","0","","2","28.1"
"139","Kyle Philips","WR","TEN","-","-","-","-","0","-0.4","BYE","5.4","10.8","9.1","2","0.7","-","0","-","-","-","","3.5","27.6"
"140","Tyquan Thornton","WR","NE","-","-","-","-","-","1.6","1.2","-","1.7","-","BYE","4.2","3.9","4.7","1.5","3","5.4","","3","27.2"
"141","David Bell","WR","CLE","0","5.7","-","-","BYE","1.6","0","0","-","-","0","0","3.2","11.1","0","1.6","2.7","","2.2","25.9"
"142","Jalen Guyton","WR","LAC","-","-","-","-","BYE","-","-","-","0","14.1","-","1.4","1.5","1.8","3.9","2.2","0","","3.1","24.9"
"143","River Cracraft","WR","MIA","13","5.4","2.3","-","-","-","-","-","-","BYE","0","0","3.6","0","0","-","0","","2.7","24.3"
"144","Donovan Peoples-Jones","WR","DET","2.2","1.7","7.9","1.7","-","0","4.2","0","BYE","-","0","0","0","2.7","1.5","2.1","0","","1.7","24"
"145","Ronnie Bell","WR","SF","0","0","10.4","1.7","0","0","-","0","BYE","3","0","0","0","0","0","8.2","0","","1.6","23.3"
"146","Ray-Ray McCloud III","WR","SF","0","0","0","4.2","1.1","3.7","4","6.3","BYE","0","0","3.3","-","-","-","-","-","","2.1","22.6"
"146","Robbie Chosen","WR","MIA","-","-","13.8","0","0","0","-","-","-","BYE","5.9","-","-","-","0","2.9","0","","2.8","22.6"
"148","Jalen Reagor","WR","NE","-","-","-","-","-","0","2.1","0","2.1","0","BYE","-","2.1","0","0","5.3","10.9","","2.3","22.5"
"149","Laviska Shenault Jr.","WR","CAR","4.1","0.7","1.7","2.9","2.7","4.7","BYE","-","-","-","2.9","1.8","-","-","-","-","-","","2.7","21.5"
"150","Lynn Bowden Jr.","WR","NO","-","-","-","0","0","0","0","0","0","2.2","BYE","4","0.9","6.4","6.1","0","1.6","","1.6","21.2"
"151","Chase Claypool","WR","MIA","0","12.6","2.5","-","-","-","0","2.5","0","BYE","-","-","-","0","2.8","0","0","","2","20.4"
"152","Xavier Hutchinson","WR","HOU","1.9","0","-","0","0","1.5","BYE","0","1.2","1.7","0","4.4","-","3.5","0.5","2.8","2.8","","1.5","20.3"
"153","David Moore","WR","TB","-","-","-","-","BYE","-","-","-","-","-","-","0","0","2.1","14.8","1.7","0","","3.1","18.6"
"154","Tim Jones","WR","JAC","-","0","3.1","0.9","0","0","3.7","0","BYE","3.7","0","0","0","0","0","6.2","0","","1.2","17.6"
"155","Ben Skowronek","WR","LAR","0","3.1","1.3","-","0","0","0","9","-0.2","BYE","0","0.9","3.2","0","0","0","0","","1.2","17.3"
"156","Jason Brownlee","WR","NYJ","-","-","-","-","-","-","BYE","0","-","-","0","4","0","-","-","7.8","4.8","","2.8","16.6"
"157","Isaiah McKenzie","WR","IND","0","1.7","1.3","1.6","0.4","4.3","0.7","0","1.2","7.1","BYE","0.3","0","-2","-","-","-","","1.3","16.6"
"158","Richie James Jr.","WR","KC","1.6","-2","-","-","-","-","-","-","-","BYE","-","0","2.2","1.4","2.7","8.4","1.6","","2","15.9"
"159","Samori Toure","WR","GB","3.8","1.6","2","4.5","0","BYE","1.3","0","-","-","-","0","-","4.2","-","0","-1.6","","1.4","15.8"
"160","Randall Cobb","WR","NYJ","0","0","2.2","2.8","0","2","BYE","-","-","-","-","0","-","8.5","0","-","0","","1.6","15.5"
"161","Sterling Shepard","WR","NYG","0","1.4","-","1.6","2.3","0","-0.7","-","0","7.2","1.5","1.6","BYE","-","0","0","0","","1.1","14.9"
"162","Keith Kirkwood","WR","NO","0","0","0","-","1.1","0","0","-","-","-","BYE","4","0","0","7.7","1.9","0","","1.2","14.7"
"163","D.J. Montgomery","WR","IND","-","-","-","-","-","-","-","-","-","-","BYE","0","0","0","12.8","1.8","0","","2.4","14.6"
"164","Trent Sherfield","WR","BUF","-","-","3.8","3.8","1.3","0","1.5","0","1.9","0","0","0","BYE","1.9","0","0","0","","1","14.2"
"165","Marquise Goodwin","WR","CLE","0","0","0.1","1","BYE","3.4","3.3","-0.5","0","-","-","-","-","0","6.7","0","0","","1.2","14"
"166","Lawrence Cager","WR","NYG","3.7","-","-","-","-","0","-","-","0","8","0","0","BYE","0","1.9","-","-","","1.7","13.6"
"167","Mecole Hardman Jr.","WR","KC","-","1.6","-","-","-","0","1.6","1.6","4","BYE","3.2","-","-","-","-","-","0","","1.7","12"
"168","Quez Watkins","WR","PHI","3.7","-","-","-","2.4","-","-","-","-","BYE","-","0","5.8","0","0","0","-","","1.7","11.9"
"169","Charlie Jones","WR","CIN","0","6","1.6","-","-","-","BYE","-","-","-","0","0","0","0","3","0.9","0","","1.2","11.5"
"170","Jalen Brooks","WR","DAL","-","-","-","-","-","0","BYE","-","-","7.9","0","3.4","-","-","-","-","0","","2.3","11.3"
"171","Velus Jones Jr.","WR","CHI","-","-0.3","0","1","0","3","1","1.4","0","-","-","0","BYE","2.1","2.3","0.4","0.2","","0.9","11.1"
"172","Rakim Jarrett","WR","TB","0","1.7","-","1.3","BYE","0","0","1.9","0","0","5.1","-","-","-","-","-","-","","1.1","10"
"173","Equanimeous St. Brown","WR","CHI","-","-","-","3.1","0","-","-","-","-","1.4","3.9","0","BYE","-","-","-","0","","1.4","8.4"
"174","DeAndre Carter","WR","LV","1.5","0","2.6","0","0.3","0","0","0","2.5","1.5","0","0","BYE","0","0","0","0","","0.5","8.4"
"175","Simi Fehoko","WR","LAC","-","-","-","0","BYE","-","-","7.9","0","0","0","-","-","-","-","-","-","","1.6","7.9"
"176","Justyn Ross","WR","KC","1.6","-","0","-","4.8","0","0","-","-","BYE","-","-","-","-","-","1.2","0","","1.1","7.6"
"177","Keelan Doss","WR","LAC","-","-","-","-","BYE","0","0","-","-","-","-","-","-","-","-","-","7.5","","2.5","7.5"
"178","Devin Duvernay","WR","BAL","0","1.5","0","2.8","0","0","0","0","3","0","0","0","BYE","0","-","-","-","","0.6","7.3"
"179","Elijah Cooks","WR","JAC","-","-","-","-","-","0","0","0","BYE","0","-","-","-","0","0","6.8","0","","0.9","6.8"
"180","Marvin Jones Jr.","WR","FA","0.8","0","-","0","4.2","1.5","-","-","-","-","-","-","-","-","-","-","-","","1.3","6.5"
"181","Tylan Wallace","WR","BAL","-","-","-","-","-","-","-","-","0","-","0","0","BYE","6","0","0","0","","0.9","6"
"182","Jalen Nailor","WR","MIN","0","-","-","-","-","-","-","-","-","2.6","0","0","BYE","3.3","-","-","-","","1.2","5.9"
"182","Zach Pascal","WR","ARI","0","1.9","0","4","0","0","-","0","0","0","-","0","-","BYE","0","0","0","","0.5","5.9"
"184","Steven Sims Jr.","WR","HOU","-","-","-","-","-","-","BYE","-","-","-","4.5","0","-","-","1.1","-","-","","1.9","5.6"
"185","Mike Strachan","WR","CAR","-","-","-","-","-","-","BYE","-","-","5.5","0","-","0","0","-","-","-","","1.4","5.5"
"186","Trishton Jackson","WR","MIN","-","-","-","-","-","0","1.7","0","3.2","0","-","-","BYE","-","-","-","-","","1","4.9"
"186","Austin Trammell","WR","LAR","-","0","-","0","0","-2","0","0","1.6","BYE","5.3","0","0","0","0","0","0","","0.4","4.9"
"188","Miles Boykin","WR","PIT","0","1.5","-","-","0","BYE","-","0","1.6","0","0","0","0","0","0","1.6","0","","0.4","4.7"
"189","Kayshon Boutte","WR","NE","0","-","-","-","-","-","-","-","-","2.1","BYE","1.8","-","-","-","0","-","","1","3.9"
"190","Willie Snead IV","WR","SF","-","-","-","1.9","-","-","-","0","BYE","0","-","-","-","-","-","1.5","-","","0.9","3.4"
"191","Malik Taylor","WR","NYJ","-","-","-","-","-","-","BYE","0","1.7","1.6","-","-","-","-","-","-","-","","1.1","3.3"
"192","Gunner Olszewski","WR","NYG","-","-1","-","-","-2","-","-","0","0","0","0","0","BYE","0","0","0","6","","0.3","3"
"193","Erik Ezukanma","WR","MIA","1.7","0.5","-","-","-","-","-","-","-","BYE","-","-","-","-","-","-","-","","1.1","2.2"
"194","Collin Johnson","WR","CHI","-","-","-","-","-","-","-","-","-","-","-","-","BYE","-","-","0","2.1","","1.1","2.1"
"195","Cody Thompson","WR","SEA","-","-","-","2","BYE","0","0","-","-","-","-","-","-","-","-","-","-","","0.7","2"
"196","Britain Covey","WR","PHI","0","0","0","0","0","0","0","0","0","BYE","0","0","0","0","0","1.7","-","","0.1","1.7"
"197","Mason Kinsey","WR","TEN","-","-","0","0","-","-","BYE","-","-","-","-","-","-","-","0","1.6","0","","0.3","1.6"
"198","Colton Dowell","WR","TEN","-","-","-","0","-","0","BYE","-","-","-","0","0","0","0","0","1.3","0","","0.1","1.3"
"199","Kwamie Lassiter II","WR","CIN","-","-","-","-","1.2","-","BYE","-","-","-","-","-","-","-","-","-","-","","1.2","1.2"
"199","Antoine Green","WR","DET","-","1.2","-","-","0","0","0","0","BYE","0","-","-","-","-","-","-","-","","0.2","1.2"
"201","Dee Eskridge","WR","SEA","-","-","-","-","BYE","-","-","-0.5","0","-","0","1","-","-","-","-","-","","0.1","0.5"
"202","Dareke Young","WR","SEA","-","-","-","-","BYE","-","-","-","-","0","-","-","-","0","0","0","-","","0","0"
"202","Shedrick Jackson","WR","CIN","-","-","-","-","-","-","BYE","-","-","0","0","-","-","-","-","-","-","","0","0"
"202","David Sills","WR","DEN","-","-","-","-","-","-","-","-","BYE","0","0","0","-","-","-","-","-","","0","0"
"202","Michael Bandy","WR","DEN","-","-","-","-","-","-","-","-","BYE","-","-","-","-","-","-","-","0","","0","0"
"202","Dax Milne","WR","WAS","-","-","-","-","-","-","-","-","-","-","0","-","-","BYE","-","-","-","","0","0"
"202","Terrell Bynum","WR","LAC","-","-","-","-","BYE","-","-","-","-","-","0","-","-","-","-","-","-","","0","0"
"202","Phillip Dorsett II","WR","DEN","0","-","-","-","-","-","-","-","BYE","-","-","-","-","-","-","-","0","","0","0"
"202","Stanley Morgan Jr.","WR","CIN","-","-","-","-","-","-","BYE","-","0","0","-","-","-","-","-","-","-","","0","0"
"202","Marquez Callaway","WR","NO","-","-","-","-","-","-","-","-","-","-","BYE","-","0","0","0","-","-","","0","0"
"202","Dan Chisena","WR","ARI","-","-","-","-","-","-","-","-","-","-","-","-","0","BYE","-","0","-","","0","0"
"202","Ryan Miller","WR","TB","-","-","-","-","BYE","-","-","-","-","-","-","-","0","-","-","-","-","","0","0"
"202","Ethan Fernea","WR","IND","-","-","-","-","-","-","-","-","-","-","BYE","-","-","-","-","0","-","","0","0"
"202","Lucky Jackson","WR","MIN","-","-","-","-","-","-","-","-","-","-","-","-","BYE","-","-","0","0","","0","0"
"202","Chase Cota","WR","HOU","-","-","-","-","-","-","BYE","-","-","-","-","-","-","-","-","0","-","","0","0"
"202","Chris Blair","WR","ATL","-","-","-","-","-","-","-","-","-","-","BYE","0","-","-","-","-","-","","0","0"
"202","Kirk Merritt","WR","FA","-","0","-","-","-","-","-","-","-","-","-","-","-","-","-","-","-","","0","0"
"202","Tay Martin","WR","SF","-","-","-","-","-","-","-","-","BYE","-","-","-","-","-","-","-","0","","0","0"
"202","Amari Rodgers","WR","FA","-","-","-","-","0","0","-","-","-","-","-","-","-","-","-","-","-","","0","0"
"202","Cephus Johnson III","WR","TB","0","-","-","0","BYE","-","-","-","-","-","-","-","-","-","-","-","-","","0","0"
"202","Justin Hardee","WR","NYJ","-","-","0","-","0","-","BYE","-","-","-","-","-","0","0","0","0","-","","0","0"
"202","Andy Isabella","WR","BUF","-","-","0","-","-","-","-","-","-","-","-","0","BYE","-","-","-","-","","0","0"
"202","Devon Allen","WR","PHI","-","-","0","-","-","-","-","-","-","BYE","-","-","-","-","-","-","-","","0","0"
"202","Montrell Washington","WR","KC","-","-","0","0","0","0","-","-","-","BYE","-","0","-","-","-","-","-","","0","0"
"202","Matthew Slater","WR","NE","-","-","-","0","0","-","0","-","-","-","BYE","-","-","0","-","-","0","","0","0"
"202","Laquon Treadwell","WR","BAL","-","-","-","0","0","-","-","-","-","-","-","-","BYE","-","-","-","0","","0","0"
"202","Kearis Jackson","WR","TEN","0","0","-","-","-","-","BYE","-","-","-","-","-","-","-","-","-","-","","0","0"
"202","Isaiah Winstead","WR","FA","-","-","-","0","-","-","0","0","-","-","-","-","-","-","-","-","-","","0","0"
"202","N'Keal Harry","WR","MIN","-","-","-","-","0","0","0","0","0","0","0","0","BYE","-","-","-","-","","0","0"
"202","Irvin Charles","WR","NYJ","-","-","-","-","0","0","BYE","-","0","0","0","0","-","0","0","0","0","","0","0"
"202","Damiere Byrd","WR","FA","-","-","-","-","-","-","-","-","0","-","-","-","-","-","-","-","-","","0","0"
"202","Dylan Drummond","WR","NYG","-","-","-","-","0","-","-","-","-","-","-","-","BYE","-","-","-","-","","0","0"
"202","Jaelon Darden","WR","CLE","-","-","-","-","BYE","0","-","-","-","-","-","-","-","-","-","-","-","","0","0"
"202","Chris Conley","WR","SF","-","-","-","-","-","-","0","-","BYE","-","-","-","0","0","0","0","0","","0","0"
"202","Easop Winston Jr.","WR","SEA","-","-","-","-","BYE","-","0","-","-","-","-","-","-","-","-","-","-","","0","0"
"202","Juwann Winfree","WR","IND","-","-","-","-","-","-","-","0","0","0","BYE","-","-","-","-","-","-","","0","0"
"202","Andre Baccellia","WR","ARI","-","-","-","-","-","-","-","0","0","-","0","0","0","BYE","-","-","-","","0","0"
"202","DJ Turner","WR","LV","-","-","-","-","-","-","-","0","0","-","0","-","BYE","0","0","0","-","","0","0"
"202","Jalen Virgil","WR","DEN","-","-","-","-","-","-","-","0","BYE","-","-","-","-","-","-","-","-","","0","0"
"202","Tre'Quan Smith","WR","DEN","0","-","-","-","-","-","-","0","BYE","-","-","-","-","-","-","-","-","","0","0"
"241","James Proche II","WR","CLE","-","-","-","-","BYE","-","-","-","0","-2","0","0","0","0","0","0","0","","-0.2","-2"
"242","Trent Taylor","WR","CHI","0","0","-","0","0","0","0","-0.2","0","0","0","0","BYE","0","-2","0","0","","-0.1","-2.2"
""
""